{"cameraMode":{"drawMode":0,"name":"Shaded","section":"Shading Mode"},"sceneLighting":true,"audioPlay":false,"sceneViewState":{"showFog":true,"showMaterialUpdate":true,"showSkybox":true,"showFlares":true,"showImageEffects":true,"showParticleSystems":true},"in2DMode":false,"pivot":{"x":-0.7216721177101135,"y":1.8404357433319092,"z":2.274087905883789},"rotation":{"x":0.09966429322957993,"y":0.5678057074546814,"z":-0.06950821727514267,"w":0.8141459226608276},"size":0.6000174283981323,"orthographic":false}