{"cameraMode":{"drawMode":0,"name":"Shaded","section":"Shading Mode"},"sceneLighting":false,"audioPlay":false,"sceneViewState":{"showFog":true,"showMaterialUpdate":true,"showSkybox":false,"showFlares":true,"showImageEffects":true,"showParticleSystems":true},"in2DMode":false,"pivot":{"x":0.30562323331832888,"y":-0.6208726167678833,"z":2.5291829109191896},"rotation":{"x":-0.12805497646331788,"y":-0.18861134350299836,"z":0.024814138188958169,"w":-0.9733521342277527},"size":0.9797758460044861,"orthographic":false}