{"cameraMode":{"drawMode":0,"name":"Shaded","section":"Shading Mode"},"sceneLighting":false,"audioPlay":false,"sceneViewState":{"showFog":true,"showMaterialUpdate":true,"showSkybox":false,"showFlares":true,"showImageEffects":true,"showParticleSystems":true},"in2DMode":false,"pivot":{"x":0.24546587467193604,"y":-0.14346173405647279,"z":1.07814359664917},"rotation":{"x":-0.020074309781193734,"y":0.9788861870765686,"z":-0.16481921076774598,"w":-0.11922454088926316},"size":0.07977572083473206,"orthographic":false}