{"cameraMode":{"drawMode":0,"name":"Shaded","section":"Shading Mode"},"sceneLighting":true,"audioPlay":false,"sceneViewState":{"showFog":true,"showMaterialUpdate":false,"showSkybox":true,"showFlares":true,"showImageEffects":true,"showParticleSystems":true},"in2DMode":false,"pivot":{"x":0.13958287239074708,"y":1.5016000270843506,"z":0.8829138278961182},"rotation":{"x":0.07938320189714432,"y":0.7374030947685242,"z":-0.0880219042301178,"w":0.6649784445762634},"size":1.9544403553009034,"orthographic":false}