{"cameraMode":{"drawMode":0,"name":"Shaded","section":"Shading Mode"},"sceneLighting":false,"audioPlay":false,"sceneViewState":{"showFog":true,"showMaterialUpdate":false,"showSkybox":false,"showFlares":true,"showImageEffects":true,"showParticleSystems":true},"in2DMode":false,"pivot":{"x":1.3937278985977173,"y":-0.7297096848487854,"z":2.3754892349243166},"rotation":{"x":-0.14211630821228028,"y":-0.38330763578414919,"z":0.05981823801994324,"w":-0.9106594920158386},"size":2.9253268241882326,"orthographic":false}